diverse_doctor_0.png doctor
diverse_baker_0.png baker
diverse_doctor_2.png doctor
diverse_composer_1.png composer
diverse_psychologist_1.png psychologist
diverse_dentist_1.png dentist
diverse_cop_1.png cop
diverse_physicist_2.png physicist
diverse_philosopher_1.png philosopher
diverse_politician_0.png politician
diverse_engineer_0.png engineer
diverse_receptionist_0.png receptionist
diverse_mayor_1.png mayor
diverse_ambassador_0.png ambassador
diverse_singer_2.png singer
diverse_lawyer_2.png lawyer
diverse_pianist_2.png pianist
diverse_nurse_0.png nurse
diverse_investigator_0.png investigator
diverse_attorney_1.png attorney
diverse_novelist_1.png novelist
diverse_actress_1.png actress
diverse_ranger_2.png ranger
diverse_executive_2.png executive
diverse_musician_1.png musician
diverse_deputy_1.png deputy
diverse_publisher_2.png publisher
diverse_attorney_0.png attorney
diverse_director_2.png director
diverse_writer_1.png writer
diverse_pianist_0.png pianist
diverse_interpreter_0.png interpreter
diverse_captain_2.png captain
diverse_scholar_2.png scholar
diverse_scientist_2.png scientist
diverse_professor_1.png professor
diverse_student_0.png student
diverse_artist_0.png artist
diverse_governor_1.png governor
diverse_senator_1.png senator
diverse_model_2.png model
diverse_pilot_0.png pilot
diverse_dentist_0.png dentist
diverse_deputy_2.png deputy
diverse_actor_1.png actor
diverse_chemist_0.png chemist
diverse_fisherman_2.png fisherman
diverse_philanthropist_2.png philanthropist
diverse_inventor_1.png inventor
diverse_physicist_0.png physicist
diverse_investor_0.png investor
diverse_judge_0.png judge
diverse_fisherman_0.png fisherman
diverse_entrepreneur_0.png entrepreneur
diverse_contractor_0.png contractor
diverse_inventor_2.png inventor
diverse_police_0.png police
diverse_singer_0.png singer
diverse_student_2.png student
diverse_security_1.png security
diverse_mechanic_2.png mechanic
diverse_tutor_1.png tutor
diverse_physician_1.png physician
diverse_manager_1.png manager
diverse_scholar_1.png scholar
diverse_interpreter_2.png interpreter
diverse_executive_1.png executive
diverse_biologist_0.png biologist
diverse_entrepreneur_1.png entrepreneur
diverse_landlord_0.png landlord
diverse_professor_2.png professor
diverse_detective_0.png detective
diverse_journalist_2.png journalist
diverse_lecturer_0.png lecturer
diverse_trader_1.png trader
diverse_cook_0.png cook
diverse_pilot_1.png pilot
diverse_investigator_1.png investigator
diverse_biologist_2.png biologist
diverse_baker_2.png baker
diverse_director_0.png director
diverse_teacher_2.png teacher
diverse_singer_1.png singer
diverse_author_0.png author
diverse_programmer_0.png programmer
diverse_actor_0.png actor
diverse_teacher_0.png teacher
diverse_cook_2.png cook
diverse_engineer_2.png engineer
diverse_director_1.png director
diverse_cook_1.png cook
diverse_musician_2.png musician
diverse_ranger_1.png ranger
diverse_police_1.png police
diverse_philanthropist_0.png philanthropist
diverse_researcher_1.png researcher
diverse_landlord_2.png landlord
diverse_physicist_1.png physicist
diverse_fisherman_1.png fisherman
diverse_builder_2.png builder
diverse_entrepreneur_2.png entrepreneur
diverse_model_1.png model
diverse_astronomer_0.png astronomer
diverse_inventor_0.png inventor
diverse_intern_2.png intern
diverse_ranger_0.png ranger
diverse_representative_0.png representative
diverse_trader_2.png trader
diverse_governor_0.png governor
diverse_intern_1.png intern
diverse_lawyer_1.png lawyer
diverse_journalist_1.png journalist
diverse_builder_0.png builder
diverse_cop_2.png cop
diverse_tutor_2.png tutor
diverse_reporter_2.png reporter
diverse_teacher_1.png teacher
diverse_scientist_0.png scientist
diverse_ambassador_2.png ambassador
diverse_dentist_2.png dentist
diverse_judge_2.png judge
diverse_psychologist_0.png psychologist
diverse_philanthropist_1.png philanthropist
diverse_editor_0.png editor
diverse_receptionist_2.png receptionist
diverse_farmer_2.png farmer
diverse_security_2.png security
diverse_guide_1.png guide
diverse_chef_2.png chef
diverse_reporter_1.png reporter
diverse_farmer_1.png farmer
diverse_interpreter_1.png interpreter
diverse_mayor_0.png mayor
diverse_programmer_2.png programmer
diverse_pilot_2.png pilot
diverse_astronomer_1.png astronomer
diverse_researcher_2.png researcher
diverse_psychiatrist_1.png psychiatrist
diverse_investor_1.png investor
diverse_programmer_1.png programmer
diverse_psychiatrist_2.png psychiatrist
diverse_pianist_1.png pianist
diverse_professor_0.png professor
diverse_deputy_0.png deputy
diverse_investor_2.png investor
diverse_baker_1.png baker
diverse_nurse_2.png nurse
diverse_detective_2.png detective
diverse_novelist_2.png novelist
diverse_barber_2.png barber
diverse_designer_0.png designer
diverse_composer_0.png composer
diverse_banker_0.png banker
diverse_principal_2.png principal
diverse_actress_0.png actress
diverse_chef_1.png chef
diverse_representative_2.png representative
diverse_farmer_0.png farmer
diverse_politician_1.png politician
diverse_doctor_1.png doctor
diverse_manager_2.png manager
diverse_librarian_1.png librarian
diverse_lawyer_0.png lawyer
diverse_writer_0.png writer
diverse_student_1.png student
diverse_journalist_0.png journalist
diverse_tutor_0.png tutor
diverse_physician_0.png physician
diverse_mayor_2.png mayor
diverse_philosopher_2.png philosopher
diverse_banker_1.png banker
diverse_guide_0.png guide
diverse_landlord_1.png landlord
diverse_police_2.png police
diverse_receptionist_1.png receptionist
diverse_scientist_1.png scientist
diverse_executive_0.png executive
diverse_detective_1.png detective
diverse_treasurer_2.png treasurer
diverse_mathematician_1.png mathematician
diverse_principal_0.png principal
diverse_novelist_0.png novelist
diverse_treasurer_0.png treasurer
diverse_contractor_1.png contractor
diverse_governor_2.png governor
diverse_investigator_2.png investigator
diverse_intern_0.png intern
diverse_librarian_2.png librarian
diverse_philosopher_0.png philosopher
diverse_researcher_0.png researcher
diverse_attorney_2.png attorney
diverse_nurse_1.png nurse
diverse_physician_2.png physician
diverse_mathematician_2.png mathematician
diverse_senator_2.png senator
diverse_advisor_2.png advisor
diverse_chef_0.png chef
diverse_representative_1.png representative
diverse_treasurer_1.png treasurer
diverse_scholar_0.png scholar
diverse_editor_2.png editor
diverse_builder_1.png builder
diverse_model_0.png model
diverse_contractor_2.png contractor
diverse_engineer_1.png engineer
diverse_guide_2.png guide
diverse_senator_0.png senator
diverse_psychiatrist_0.png psychiatrist
diverse_principal_1.png principal
diverse_astronomer_2.png astronomer
diverse_captain_1.png captain
diverse_editor_1.png editor
diverse_reporter_0.png reporter
diverse_composer_2.png composer
diverse_author_2.png author
diverse_psychologist_2.png psychologist
diverse_musician_0.png musician
diverse_soldier_2.png soldier
diverse_lecturer_1.png lecturer
